StaffID,PhoneNumber
1,1358175413
2,5974212313
3,2427758220
4,3708351306
5,2960373933
6,4770674775
7,3657712141
8,7413579772
9,5523238338
10,5375662524
11,4499009839
12,1747995786
13,5739109125
14,3142856862
15,5829179458
16,4807925230
17,4915036123
18,6247686079
19,0407243263
20,8941159900
21,7167028139
22,6505512021
23,3742731490
24,1045590187
25,5094698849
26,3853240049
27,4763341962
28,0627539681
29,0234678560
30,2075285806
31,2886628558
32,6842686849
33,3145814081
34,1192534984
35,2920102370
36,3711276680
37,3086546231
38,8954269096
39,7112947712
40,7412678793
41,5182711007
42,0679702882
43,2073698532
44,8315997127
45,9115176703
46,2966814385
47,7946184449
48,4870883865
49,9097355577
50,7692749458
51,5149665211
52,9689171446
53,1243370848
54,9140813905
55,1238506275
56,1649371687
57,2998463458
58,7580948332
59,7470000897
60,7355784025
61,8497834684
62,6268365175
63,8509409859
64,8127403162
65,6004904181
66,8802724542
67,9929087086
68,7897555551
69,4144002808
70,9522298417
71,7431529456
72,8451102633
73,1001672164
74,4494620805
75,6303496695
76,0541592996
77,3878049781
78,3567844234
79,0297123426
80,2471796849
81,6441788263
82,1513271733
83,0892725616
84,1145962134
85,8352914311
86,7206480976
87,6609313323
88,0383905640
89,6970962468
90,6830235010
91,8385978164
92,5626765327
93,3032839585
94,9172802783
95,4906778413
96,0700490844
97,4042731928
98,0954451750
99,8532300304
100,5043552309
101,8318438789
102,4748235220
103,7247814398
104,8894477160
105,2205835180
106,3217536142
107,2016043616
108,9701266604
109,2779068652
110,9557850470
111,9694579647
112,9961075104
113,7879859918
114,1344670161
115,3622139032
116,1821567294
117,4601092622
118,9594597429
119,1438690167
120,7231814012
121,4694715115
122,4784389694
123,7587430544
124,3417607024
125,5676684755
126,7518827758
127,7618530296
128,9490329276
129,6614161905
130,7582261419
131,6695514404
132,0043290384
133,0681368135
134,8056448865
135,7292913953
136,4295259025
137,9187663014
138,1948361110
139,0652074045
140,0609387682
141,3050484615
142,7171230654
143,2969967134
144,5901602152
145,3687674260
146,2987015778
147,2171272814
148,9283811896
149,8041498886
150,0387358407
151,9502318100
152,2226369611
153,3712074015
154,1630158778
155,7040113741
156,2274028729
157,6531601026
158,1082845372
159,5294248495
160,4926525636
161,2325985501
162,0138308961
163,0380376165
164,1603941465
165,8486644520
166,5355622239
167,2183176265
168,7896786283
169,0624026069
170,5234282439
171,1225181888
172,4032572072
173,7044506051
174,8361321484
175,8129630602
176,1685368452
177,1339828655
178,8926070152
179,6941548963
180,4805315625
181,2064871684
182,3472323795
183,1163324589
184,7772775697
185,8992785202
186,8620281658
187,2327649570
188,5505865817
189,3623737043
190,5350547374
191,8032749885
192,9926818098
193,9206453637
194,7815272014
195,5600500887
196,1532989655
197,8273693798
198,3861489226
199,2932064413
200,5693901241
201,3550395637
202,0042023766
203,0202280079
204,8166409788
205,7881426629
206,5087217906
207,4317727030
208,1255433016
209,9202894039
210,4655776817
211,1862082139
212,7083798595
213,5284587836
214,5239295376
215,4564794408
216,1809126457
217,0054607146
218,9707741464
219,8312902695
220,6582499923
221,0695323133
222,7157074036
223,1814980683
224,8954349296
225,3578140680
226,4588626912
227,4944702370
228,1227621979
229,7243117889
230,6514791894
231,3715776280
232,8136063523
233,4096867154
234,7932177517
235,6279676770
236,6696165371
237,5842160333
238,1618575500
239,9705995350
240,1521293941
241,3684023159
242,3848333995
243,2513697572
244,2476716946
245,6518033140
246,3679103844
247,1284916280
248,4489888555
249,5901870664
250,1346514101
251,8114657559
252,9850165608
253,9913155102
254,0253999878
255,7978453421
256,7220330510
257,5948955088
258,8775090379
259,8613755456
260,4796827464
261,3557877059
262,7155151672
263,5557340636
264,5745957937
265,4105319732
266,1270384620
267,7864988312
268,2054001381
269,6721154623
270,4581753022
271,1152650694
272,7060356800
273,4234229942
274,0278271396
275,2415119821
276,0086361075
277,4153505056
278,9571828087
279,2483157876
280,6446568845
281,9348724421
282,9031383405
283,0446673627
284,4564923296
285,7018558810
286,9110967696
287,8944973690
288,9738551533
289,3254525302
290,6287223703
291,7991304992
292,4028844091
293,7370027616
294,6279333255
295,8358014968
296,9770918992
297,7467775093
298,3210174384
299,7301397608
300,6347695335
301,7002891944
302,1553921099
303,2276361096
304,0534310666
305,1777729091
306,1828996211
307,1126134318
308,4513315621
309,0627892700
310,3972864166
311,0081722134
312,9652466178
313,9136739745
314,1443669000
315,8565470366
316,9486709690
317,1452994566
318,9875240760
319,1030400504
320,3337007323
321,9939474177
322,0706868869
323,9045282392
324,4948572422
325,3724977026
326,4140251571
327,4598208193
328,1069250810
329,9057882677
330,1623785316
331,4961511975
332,7139089115
333,2601602940
334,5933920884
335,1060704955
336,9932437573
337,2346926781
338,9189938750
339,3503420385
340,9460073994
341,4019163778
342,0601624392
343,0489622575
344,3071700402
345,6747117406
346,2740380203
347,7309953439
348,8497337915
349,5577817434
350,7859523135
351,7719302591
352,4624824507
353,2562959308
354,9823986725
355,2445378975
356,3773555297
357,9284193088
358,9117421254
359,1570844628
360,6049355428
361,8846282102
362,6947069260
363,7812412230
364,3534565013
365,6931078743
366,0785205652
367,4381320303
368,6208759006
369,9015900997
370,2450157524
371,2568622881
372,5998984008
373,6464480156
374,1545581556
375,1623233029
376,6976930340
377,9532592044
378,9812905305
379,9930572269
380,0506623191
381,6742276006
382,0339642688
383,3668667562
384,9973216383
385,1734577682
386,7844286732
387,6864610998
388,8694769035
389,8421903157
390,2151829503
391,2050064416
392,0896847621
393,1858422928
394,6444588414
395,4297383716
396,2498732869
397,9961141450
398,6380726208
399,6764030686
400,7542235388
401,3854034293
402,8429909088
403,9152474987
404,0207233869
405,1664758616
406,0643981791
407,4538469702
408,7121053825
409,2720082853
410,1202903583
411,6592867382
412,7843560956
413,8989266590
414,0498114081
415,5457692923
416,8786860538
417,6585067369
418,8388179170
419,2480038551
420,6154108797
421,4382866956
422,9361975841
423,9357234203
424,0744802994
425,1793890787
426,8572377141
427,7866453520
428,9409887229
429,6625784912
430,0805095657
431,5350466854
432,1205738044
433,4525796479
434,3974112945
435,1902321212
436,5604546005
437,8353535078
438,3883821872
439,6147282783
440,6080684267
441,8291789210
442,3252030149
443,7586385753
444,2166113474
445,5267462482
446,7014805327
447,3973643611
448,0763925296
449,6600857008
450,6261247870
451,2904069255
452,9813672431
453,6177968550
454,7289068056
455,3249007876
456,2848786190
457,7851631856
458,6845703856
459,1572952525
460,6454747888
461,1646588256
462,1667784839
463,3425244344
464,7937061100
465,1730406799
466,3419016537
467,0713110278
468,4047826087
469,7397226388
470,6616292203
471,7848052546
472,4369249110
473,3291466718
474,6917640022
475,5858669206
476,1968843820
477,9072515339
478,1946243273
479,6761283056
480,0913481976
481,5311799310
482,1625619140
483,4391127854
484,1974564252
485,3607398375
486,2284071339
487,5334062783
488,4417154831
489,4999948959
490,9914741248
491,7526244939
492,1718353460
493,9713341178
494,4822652756
495,1629558560
496,7722408431
497,9616325398
498,2960739016
499,0171246308
500,3594243375
501,6767766759
502,1625217510
503,8133101649
504,1704569846
505,2926106832
506,0482162616
507,4607901740
508,8754611241
509,3278514293
510,4771939968
511,4495970499
512,7974071120
513,3163915006
514,1962012033
515,2804774389
516,6719848772
517,0988060559
518,9948792570
519,2293701515
520,8235246373
521,7726678326
522,0353362470
523,2112581422
524,1791988368
525,1957741249
526,2381042994
527,8925665016
528,4618142429
529,2877188599
530,9809072739
531,9205980319
532,6767976775
533,1090943800
534,3381593667
535,6391428877
536,1954359988
537,2127191837
538,7857828278
539,8340879043
540,2381660789
541,2992517220
542,7986054699
543,1402804097
544,5959853458
545,5991908800
546,6010859870
547,4124370564
548,8933864163
549,2990090314
550,3579279357
551,3794177775
552,3788221840
553,2699392359
554,7976430775
555,1894923657
556,7018942021
557,2195036970
558,4153432763
559,1637633369
560,9608083348
561,8050825040
562,1170691022
563,8764167066
564,8011215961
565,2739385827
566,0028329666
567,5755420918
568,6019152215
569,3912022337
570,4856727397
571,4852516982
572,9504457636
573,4048079069
574,2818293943
575,9697379204
576,5311028839
577,0368415295
578,1188677355
579,3345646665
580,8091352160
581,3920172494
582,7464579505
583,3285563503
584,3430201384
585,6492941205
586,9848313485
587,5565256243
588,2614600346
589,6914527335
590,4015584471
591,1237151556
592,7480830728
593,3092301708
594,6643756946
595,0798341768
596,5798646229
597,4404014339
598,3631132833
599,7182827812
600,8146155969
601,2283253514
602,5934254945
603,1118970521
604,0458120953
605,2516325598
606,4507568155
607,2315548998
608,1314275150
609,6625604504
610,8410581203
611,8042019311
612,1808574214
613,0950956779
614,0160252639
615,9945326052
616,0453489523
617,0535274016
618,7272489271
619,9535654657
620,7934895747
621,5927831293
622,6812693323
623,9205202929
624,6507217113
625,0787408237
626,8427697104
627,0234792946
628,1274806979
629,8096904821
630,5628053559
631,5768676277
632,1060018209
633,8864230488
634,4485430548
635,3296265426
636,6158370712
637,8870600821
638,0944440536
639,8989375321
640,9716592497
641,5384457826
642,8430043579
643,5354512481
644,8827372031
645,0133842919
646,5105869190
647,7113030885
648,8550229145
649,2284262971
650,6725184257
651,4193541816
652,9966301593
653,8546288638
654,0335017883
655,2131363359
656,7560454650
657,5464528958
658,4912042447
659,0323443671
660,8009267646
661,6259396494
662,9243440149
663,4041466298
664,9144512936
665,0908877183
666,3491137471
667,3832539531
668,8816040284
669,7758092261
670,1913682792
671,6582636482
672,5285175026
673,5771564238
674,9772757646
675,9929107363
676,6769248097
677,2460821360
678,3043539342
679,8325193884
680,1503113734
681,5706561153
682,4898387549
683,4529249512
684,2635163085
685,2260286804
686,8918789446
687,9227953601
688,5263168624
689,2039273802
690,0094435082
691,7600842810
692,0711201828
693,4643016240
694,1764306395
695,9054113935
696,0543689197
697,4047810954
698,7600466244
699,6942257831
700,7780354045
701,5746366133
702,8052656262
703,0862381545
704,1873498704
705,8729219978
706,0693641564
707,2584132082
708,5382022516
709,1188349918
710,7554253887
711,3428561408
712,3219618140
713,3949628142
714,2085927095
715,2854571369
716,7724601335
717,3716156387
718,8725933930
719,9491096312
720,3753222877
721,6385539458
722,9009900091
723,6034126979
724,3124462229
725,4510741597
726,5043199854
727,8200484949
728,0848712497
729,3378726026
730,7656341736
731,7365640392
732,0353968499
733,2316745048
734,3644368053
735,2473206583
736,7471799496
737,8502876245
738,1496768025
739,3662264490
740,6949463725
741,9461698012
742,9672759541
743,2210473898
744,2181571184
745,0111545340
746,8382155755
747,6520732356
748,1593174304
749,8185890290
750,5342369876
751,9120545115
752,9605350784
753,4023095851
754,9184947787
755,4073901779
756,8360003305
757,2576020929
758,0166810057
759,9655999226
760,8207845644
761,3404059308
762,5489629529
763,7546977145
764,5842978857
765,8086079757
766,4457574873
767,5052316360
768,2670430484
769,0424106796
770,4168974500
771,3273271665
772,8015996992
773,6861830805
774,6017974045
775,2831400639
776,8447024523
777,0402410058
778,8622165206
779,0166416560
780,5430943979
781,1497330255
782,0208597385
783,8945065182
784,7434416393
785,3989816768
786,2455873204
787,0142741654
788,1097026344
789,7696611876
790,8666355631
791,3221400257
792,6981946704
793,0648939939
794,0352354995
795,4485283596
796,8350639812
797,1885337515
798,2398521019
799,8565434555
800,4984325274
801,5180333108
802,7099667592
803,1568380266
804,0185124866
805,7893156972
806,2196677098
807,7383284866
808,4771196371
809,6700898416
810,1454488337
811,2366673203
812,8885453233
813,8781908676
814,9078741300
815,3220776451
816,4250434130
817,6848741968
818,8893446533
819,2685624337
820,5201665303
821,2008823768
822,7485984098
823,9421705040
824,6015535205
825,8521167282
826,0144057682
827,3527905906
828,0659184862
829,3793297430
830,4772041640
831,5854229756
832,2356287713
833,4777790312
834,4942200373
835,5428753811
836,7550304395
837,6771550697
838,1731446642
839,3655954427
840,1097850624
841,5393260908
842,5613727995
843,7529824766
844,5470313190
845,8838032899
846,2013701762
847,9298127161
848,1506992687
849,9747781718
850,6561122146
851,5235008212
852,1191563559
853,5566567555
854,8499668741
855,2707032111
856,0867533901
857,8550360126
858,6270730702
859,2714392798
860,2650495548
861,5778047569
862,2898092787
863,6685364087
864,8557129298
865,3634686730
866,5361560499
867,9297715987
868,0644870054
869,4108518784
870,0342513595
871,7874784723
872,4406959618
873,8813707686
874,1533191636
875,8227520106
876,2173449749
877,7691676773
878,3323823754
879,8224327434
880,2149605912
881,5500926049
882,7565770545
883,6473110054
884,8750845858
885,3204238000
886,0238127544
887,9026153137
888,7505732573
889,6852628321
890,0134317816
891,5289611222
892,9847382931
893,2767274777
894,1585020225
895,2317687015
896,3930367733
897,1256402233
898,5637121955
899,6829949767
900,1753837388
901,8707877540
902,5122808209
903,7965357711
904,4153805582
905,3187371135
906,6535266712
907,5670135159
908,9294303703
909,5697337578
910,0927260333
911,1833467264
912,0276307569
913,6082811274
914,1947362833
915,6207619345
916,1705907882
917,6544105100
918,9573818338
919,5115743350
920,7107622811
921,5478990085
922,8546193235
923,0480205839
924,9521105632
925,6448335345
926,9672671099
927,0998834845
928,6553175997
929,1494064956
930,9132455246
931,3928704219
932,0199142844
933,8800224501
934,2524398055
935,3236971363
936,1968145717
937,8446477888
938,9809980233
939,9593477882
940,4011830586
941,4615118197
942,0090570596
943,5112442383
944,9436467244
945,3977915786
946,8408007123
947,9194006899
948,8178797042
949,6863661314
950,2623029684
951,2968681568
952,8877646697
953,9603782445
954,8290758573
955,2715921211
956,7020982335
957,2619647998
958,9611365303
959,3702811038
960,8343003873
961,1886361297
962,3622553848
963,4467283782
964,9572021759
965,6211163128
966,3355619097
967,4190756638
968,8691885241
969,0160886926
970,5071198241
971,2650121138
972,2832767148
973,4969988811
974,5179337332
975,4159265605
976,4075383242
977,9911890028
978,3737624679
979,2716131378
980,3860682895
981,6299020497
982,8420556986
983,9131776974
984,5851346371
985,7715971930
986,4593792885
987,3765335250
988,9570820511
989,7028207247
990,3442826626
991,1194359264
992,1907628579
993,3010679579
994,9575924107
995,8612083674
996,6210526581
997,4478938106
998,6232472314
999,7947972744
1000,8016600992
1001,9354812891
1002,8405019410
1003,8140323828
1004,0675766857
1005,4785974716
1006,3283642653
1007,6083469841
1008,5908384381
1009,2893715375
1010,9141061173
1011,4209433439
1012,9476316353
1013,8015638317
1014,0768618643
1015,8024079759
1016,7209839604
1017,4410209499
1018,8366434348
1019,1968389906
1020,3165240325
1021,7678929760
1022,8275561042
1023,1084199738
1024,8867643609
1025,1783744687
1026,8312966217
1027,8092413532
1028,9124486985
1029,9799094635
1030,7003557604
1031,2282848000
1032,1214104836
1033,7773945106
1034,5461396152
1035,3430116505
1036,4591766502
1037,8679598963
1038,8405270084
1039,4311159150
1040,8059590261
1041,1271247712
1042,8636620567
1043,3685036322
1044,6472950449
1045,0821220698
1046,5104243522
1047,2653666257
1048,4782378328
1049,8910925865
1050,6362104282
1051,8807764693
1052,7408953462
1053,1414797975
1054,6104480598
1055,6587507921
1056,5317401919
1057,1629763158
1058,3552368430
1059,7016247866
1060,5640062309
1061,9795000615
1062,7838903537
1063,4115680662
1064,6166590972
1065,2220777219
1066,2425915643
1067,9480959167
1068,3046508305
1069,7554724838
1070,2383732714
1071,1819957581
1072,8798193197
1073,1260167339
1074,6491072418
1075,3657182588
1076,7075472406
1077,5303815769
1078,5716521994
1079,4575220362
1080,2309604203
1081,8302919019
1082,8365405071
1083,8138378228
1084,7724207157
1085,6322454140
1086,7974950688
1087,2683997623
1088,4635624908
1089,9578513879
1090,0638793741
1091,8386059401
1092,9493427858
1093,4867801289
1094,2548998896
1095,7596365315
1096,5538704057
1097,6322805651
1098,4339585210
1099,4700752112
1100,5018353807
1101,4952679342
1102,6123526721
1103,0530518783
1104,9929997264
1105,4680625864
1106,4251677385
1107,2053798730
1108,1146276598
1109,9737704320
1110,7132604628
1111,9682541829
1112,6399769326
1113,6929440595
1114,9824406264
1115,4881744869
1116,1483354109
1117,3222867263
1118,8891373824
1119,4286665466
1120,9885240944
1121,6074641708
1122,8977619628
1123,6494278241
1124,7046760009
1125,5877848084
1126,8838280819
1127,5468273869
1128,5069523748
1129,3726306803
1130,5429143008
1131,5585262198
1132,8364284690
1133,5432141818
1134,8967413525
1135,8158541418
1136,3532521194
1137,5473349598
1138,2698662736
1139,3201836655
1140,1863413388
1141,2830882209
1142,7974727531
1143,6675616405
1144,8147836835
1145,0691333307
1146,1827136638
1147,9936264044
1148,7084216178
1149,1424726567
1150,3731382989
1151,1692146376
1152,0814935726
1153,1005583304
1154,5535679818
1155,2056644797
1156,1851609207
1157,3989941912
1158,1455398188
1159,8433550805
1160,8041720153
1161,3602337147
1162,4815563807
1163,4959560728
1164,6599694395
1165,1894742216
1166,5416461501
1167,2533334365
1168,1555005903
1169,6848160034
1170,4825766037
1171,7643894961
1172,3358361563
1173,3552719066
1174,1418898428
1175,6066673368
1176,4796637576
1177,6437992599
1178,0785183584
1179,2013038349
1180,2468525350
1181,8851137873
1182,4191531013
1183,7582368428
1184,6174453058
1185,1970030188
1186,5043543944
1187,8146408226
1188,8452861927
1189,9252492893
1190,2061233849
1191,2827640927
1192,8805215051
1193,1362959947
1194,1279290184
1195,8485308346
1196,6892260447
1197,1287775686
1198,9124755279
1199,2123233245
1200,5958485443
1201,6117096769
1202,4981693819
1203,7625631269
1204,1568785952
1205,9074603699
1206,4720588304
1207,4273077769
1208,7041276768
1209,1255825855
1210,0333876746
1211,2968119998
1212,9869078099
1213,3801389543
1214,9836244545
1215,3360096063
1216,1330830515
1217,0332260668
1218,9863398453
1219,3105807178
1220,7331480013
1221,3765733849
1222,2459344170
1223,7381176230
1224,4351281861
1225,6266236209
1226,2359071883
1227,3319162644
1228,9263323663
1229,2114528262
1230,1355602129
1231,8636789360
1232,1689946412
1233,2547714402
1234,7769380328
1235,1794818657
1236,0819969136
1237,2035147373
1238,7772105249
1239,1444504407
1240,9384998136
1241,4392617766
1242,3952179940
1243,8722011137
1244,6090052399
1245,6714916093
1246,8487976107
1247,0056376586
1248,3686779014
1249,7093339911
1250,5597504013
1251,7078016490
1252,3576648436
1253,2647065284
1254,4992832251
1255,5799365578
1256,1252574772
1257,2866167420
1258,6359318009
1259,6374257590
1260,4518739991
1261,4073659906
1262,6646704750
1263,8528107326
1264,5626255192
1265,8506365150
1266,7295103385
1267,5474802573
1268,6366621294
1269,3444647070
1270,7840344283
1271,1701318257
1272,4145558804
1273,4846174198
1274,0492544446
1275,8775101087
1276,8301461057
1277,4110867810
1278,7561503284
1279,4277585308
1280,1028069295
1281,2955806078
1282,4423224793
1283,0224659512
1284,4578415155
1285,0510178974
1286,1397968486
1287,5407299105
1288,3699277621
1289,9807281445
1290,4275106132
1291,6809562987
1292,8269798804
1293,2362555427
1294,8607830463
1295,6082023098
1296,5943647986
1297,0513521236
1298,9143542910
1299,5053757212
1300,1686650991
1301,3615993271
1302,7937857771
1303,4754786850
1304,4910115731
1305,5685346343
1306,8514318430
1307,5914661846
1308,7228270808
1309,3628520956
1310,4281233981
1311,4447047562
1312,1556401579
1313,4726291102
1314,5451539909
1315,9031212421
1316,9751230427
1317,1484827097
1318,3983485627
1319,5578270828
1320,8337675036
1321,7577899691
1322,3159415627
1323,1357826571
1324,1761670812
1325,9584713639
1326,6974592570
1327,8507928975
1328,3736133895
1329,2177641677
1330,4007397817
1331,9726297362
1332,2736693376
1333,2276115606
1334,0874540384
1335,4222732842
1336,4240637517
1337,5428842597
1338,3615189085
1339,8063143688
1340,5012593962
1341,9311371587
1342,9301691778
1343,4476839437
1344,0390251123
1345,9869280812
1346,5650288938
1347,8231975630
1348,1758738243
1349,8806945863
1350,6247192475
1351,1407531434
1352,4832927679
1353,0427771223
1354,9920534096
1355,7293364910
1356,9104648222
1357,3189085019
1358,1339265308
1359,1408571238
1360,9210962434
1361,2228083190
1362,3978391355
1363,1693250631
1364,8333933415
1365,3206519821
1366,3393994185
1367,6893190641
1368,4123403899
1369,8467948925
1370,8402993182
1371,4089416938
1372,8775564130
1373,7571805747
1374,5889332244
1375,3946358377
1376,7261143724
1377,1826083990
1378,3114727357
1379,0633396783
1380,7980415784
1381,6118183114
1382,8144286931
1383,9775534700
1384,3408151624
1385,4108489607
1386,9076890298
1387,5375521318
1388,0465911774
1389,3875141302
1390,7464375920
1391,8010870580
1392,3595044039
1393,1326486176
1394,5403781916
1395,5765484222
1396,9505810969
1397,9160228054
1398,1527890522
1399,4007659642
1400,6405398966
1401,9002456667
1402,8775053021
1403,3586018464
1404,2995904086
1405,9889558315
1406,5328039368
1407,9075274418
1408,2954859243
1409,9210670218
1410,6487100217
1411,7434428540
1412,3704353437
1413,6329746681
1414,6687099286
1415,7181321373
1416,7904567431
1417,9798957743
1418,6223576767
1419,1660458545
1420,0927456874
1421,4284685495
1422,9249671419
1423,4270665395
1424,3212228905
1425,0319278363
1426,4839569630
1427,0487829691
1428,7977302287
1429,2618804189
1430,4697008831
1431,1729370764
1432,5212874154
1433,1568302374
1434,6992727710
1435,9070663645
1436,8151484562
1437,6767149964
1438,0961374132
1439,5367889800
1440,8813460643
1441,9544350056
1442,4002956387
1443,4938776690
1444,3195017932
1445,0269953446
1446,7489773958
1447,7173822847
1448,5928847751
1449,1219931833
1450,3051715352
1451,9432286961
1452,5937257317
1453,8925114369
1454,8326814602
1455,3616272585
1456,1088309649
1457,7403184467
1458,0991726754
1459,9163397618
1460,4373322947
1461,9156867974
1462,8374374384
1463,3945450982
1464,7286977710
1465,1557522304
1466,9863272337
1467,1490282378
1468,8605585703
1469,0869186740
1470,2084630179
1471,9291874905
1472,2468045539
1473,0308075317
1474,2469014974
1475,5160797323
1476,3116983663
1477,1209167423
1478,7268633604
1479,9953294846
1480,5045055847
1481,6245789402
1482,1273874966
1483,6427227124
1484,9060523721
1485,0586897299
1486,3286746676
1487,4735533593
1488,0531061344
1489,0741226988
1490,8203275029
1491,2056046900
1492,2826124868
1493,7572069862
1494,0088920065
1495,1638875254
1496,2094269214
1497,0490093396
1498,6588311390
1499,2907416761
1500,2971836680
1501,6064743496
1502,9164888878
1503,1129230582
1504,6143388380
1505,7559094526
1506,9431109447
1507,7179207596
1508,1283856472
1509,6799700631
1510,9630222714
1511,7922589428
1512,6195391006
1513,6127119543
1514,3839004376
1515,1769855322
1516,6611040687
1517,0746007087
1518,6402332629
1519,7909024091
1520,0916533695
1521,8871059134
1522,9583900826
1523,6505616575
1524,3257567104
1525,6787705122
1526,2364565674
1527,8026372887
1528,7214453815
1529,6494128676
1530,0588811668
1531,6730617104
1532,9930552645
1533,1920731493
1534,8796636059
1535,7809132836
1536,7485067732
1537,4441073453
1538,0942605249
1539,0902662857
1540,5343944747
1541,9506811782
1542,2663337138
1543,0625902722
1544,4710506599
1545,7349997274
1546,7759073871
1547,9557059448
1548,6255585348
1549,6247419763
1550,2160527191
1551,5250946045
1552,4359419166
1553,4102028890
1554,7683916739
1555,5033926574
1556,7662660428
1557,0827658469
1558,7813583777
1559,4123121578
1560,5434296367
1561,5034951547
1562,0386531841
1563,2069015425
1564,8100166500
1565,6933673763
1566,2837216479
1567,3056833114
1568,5031030131
1569,7125203632
1570,3681364198
1571,3213796669
1572,3325538897
1573,5344359574
1574,1453177559
1575,2951902674
1576,1339510866
1577,3264220411
1578,8642386344
1579,7746816399
1580,6477564375
1581,1850619814
1582,5394458483
1583,8004401352
1584,1609261342
1585,2339151785
1586,6110461934
1587,7729825927
1588,3667662245
1589,2781001289
1590,9123334496
1591,7991228882
1592,2302875733
1593,1481929431
1594,1593745042
1595,4877566336
1596,3919519106
1597,9224640150
1598,6073124357
1599,7655316265
1600,3054203103
1601,5199309571
1602,2870140665
1603,8334872789
1604,6856953668
1605,7180150295
1606,0676418085
1607,7835895091
1608,7110018417
1609,3584672128
1610,1051321324
1611,0087260393
1612,3856647960
1613,2262610674
1614,4950217767
1615,8198321967
1616,4456581125
1617,6651366213
1618,5291780192
1619,3911225522
1620,0388881828
1621,1469371901
1622,8473598373
1623,4947016930
1624,0396959295
1625,7618161866
1626,3142885994
1627,8278475342
1628,0493228112
1629,9297301422
1630,2060872502
1631,3707599968
1632,5231116991
1633,5208394833
1634,6033493907
1635,8734164017
1636,6559226694
1637,4070915811
1638,6605417337
1639,7804541215
1640,9085535314
1641,2261038500
1642,3525460515
1643,3584185126
1644,5845017937
1645,7724114623
1646,1613966718
1647,6178268424
1648,6259733857
1649,4699644236
1650,7657098507
1651,2632944342
1652,1963010027
1653,5612044011
1654,6213799434
1655,2981548639
1656,9109961034
1657,9850005693
1658,8751442267
1659,1674750102
1660,6780266966
1661,9692647396
1662,8246811146
1663,2480777613
1664,4468955805
1665,5406354432
1666,3960010264
1667,8408100671
1668,3898830478
1669,9748727272
1670,5699619256
1671,9736109119
1672,6955171957
1673,8641594699
1674,6734654255
1675,7078064151
1676,6012082501
1677,0611215709
1678,5221496548
1679,3350215187
1680,9162215652
1681,2736055476
1682,9464050745
1683,0164674199
1684,6600390045
1685,5492044692
1686,9633350263
1687,4465390183
1688,3436271790
1689,3884495445
1690,7541170509
1691,3993240690
1692,6443051656
1693,9603039570
1694,8996552175
1695,7392294346
1696,7901288044
1697,6612680483
1698,5861575266
1699,1584502966
1700,9863033798
1701,5166172382
1702,4530783882
1703,9163349427
1704,0829929735
1705,3983550085
1706,7047589910
1707,0330143897
1708,4810149105
1709,9779507657
1710,2450637809
1711,4485847743
1712,4701762866
1713,5309466396
1714,2808974283
1715,1796415989
1716,3168272175
1717,5526850916
1718,1746409915
1719,2136323818
1720,4854437309
1721,4677016187
1722,9529787506
1723,5996417441
1724,5289297646
1725,8063173834
1726,0249455223
1727,7343845668
1728,2927652454
1729,2217553602
1730,2574521314
1731,8726077352
1732,3528502167
1733,9176799055
1734,7322571940
1735,5686304869
1736,5371846219
1737,1359893668
1738,7262748827
1739,1593014487
1740,0379464782
1741,2831854525
1742,6268657859
1743,0964395929
1744,4141411531
1745,3012976558
1746,8464923848
1747,5101787842
1748,3191177778
1749,1512654861
1750,7322070004
1751,0926918225
1752,8395100142
1753,4789867419
1754,1118474553
1755,6224969041
1756,0234298546
1757,1055934654
1758,7437052766
1759,2682231510
1760,1800516533
1761,6381196355
1762,9852622282
1763,8192379933
1764,7786796156
1765,7996004818
1766,6851931440
1767,7084913174
1768,9421832740
1769,0138872186
1770,4837331199
1771,1534521022
1772,4055132561
1773,9089630430
1774,1964204904
1775,4949107213
1776,9429268637
1777,3100654644
1778,8061221130
1779,2868140165
1780,9626788558
1781,1191614938
1782,5743680757
1783,7563631400
1784,3461944613
1785,7377872877
1786,5733837920
1787,1212969783
1788,5248278548
1789,3788328895
1790,7503557877
1791,5071415851
1792,9862579286
1793,2983243798
1794,6943716459
1795,0886030821
1796,7592940094
1797,8149866227
1798,0299661474
1799,7828007423
1800,8016512327
1801,9613533671
1802,0392735801
1803,4976094259
1804,8266167252
1805,8566613622
1806,5382391929
1807,5366852322
1808,5591724708
1809,6067303195
1810,0447852539
1811,2394608463
1812,0166267249
1813,2910219586
1814,7236903243
1815,7518842907
1816,1078282528
1817,3576688258
1818,5194881906
1819,0454338572
1820,1397633952
1821,5864429850
1822,4185911656
1823,5339339847
1824,9579223964
1825,6245621237
1826,2434003331
1827,7110072516
1828,9897682161
1829,4171204721
1830,9611209741
1831,1646056178
1832,4229165262
1833,3394841482
1834,3151639920
1835,8944542160
1836,0099443829
1837,9711364617
1838,3706632591
1839,4244604751
1840,0128624072
1841,9422159461
1842,3867659656
1843,3947939060
1844,3794075336
1845,2354006714
1846,3367747457
1847,7500127892
1848,4647881173
1849,0612306383
1850,6415456914
1851,4004671444
1852,9625376512
1853,4047180702
1854,7496441975
1855,7697238505
1856,2408042957
1857,7777619789
1858,5808230698
1859,8952270131
1860,5461370941
1861,5441603920
1862,5138370622
1863,6597625263
1864,9040060972
1865,5613069586
1866,7099528358
1867,2510562454
1868,4986406598
1869,7112234828
1870,2096134583
1871,3709024790
1872,0522754586
1873,8165570112
1874,0470318609
1875,1962809125
1876,6826981277
1877,4395102481
1878,7536104037
1879,6532118314
1880,4059611311
1881,3963874580
1882,8641665083
1883,2718839066
1884,8099421637
1885,0936932697
1886,4099881640
1887,3535029431
1888,2630691619
1889,5090457309
1890,3614837251
1891,4205732855
1892,3710186800
1893,9813506127
1894,0119563365
1895,1372446013
1896,6440290602
1897,1844741962
1898,8619683065
1899,4878324639
1900,9653605825
1901,3592194162
1902,7174783507
1903,8730462059
1904,9123576580
1905,1377903632
1906,2309760447
1907,1374824188
1908,7931412176
1909,4113407139
1910,3646924627
1911,6695107181
1912,5817069194
1913,5733403948
1914,3810270349
1915,9581963975
1916,5755500383
1917,6900237965
1918,9255884116
1919,3890670235
1920,2078424268
1921,0452937733
1922,2525512479
1923,6505051720
1924,7696713353
1925,9232411182
1926,0368621224
1927,0518282187
1928,7081537332
1929,8963002199
1930,3069374751
1931,4330500966
1932,8025176069
1933,4043154397
1934,9750891308
1935,2494102600
1936,7992010506
1937,6418613762
1938,4852103133
1939,1704859289
1940,5938988732
1941,6157974312
1942,6550918890
1943,2766472113
1944,1291291755
1945,5208655767
1946,1563882201
1947,5346965298
1948,5995864526
1949,8805250492
1950,9726897299
1951,5060014028
1952,8245557182
1953,1620589489
1954,5104784541
1955,8198927791
1956,6020877002
1957,4187940430
1958,0657490258
1959,4234438344
1960,5320318256
1961,6547881010
1962,7029778625
1963,8076102809
1964,6949944673
1965,4540942452
1966,3659842939
1967,4287897009
1968,4714776368
1969,1183873475
1970,3519798468
1971,3381720254
1972,9651555408
1973,5158741740
1974,7013991197
1975,1587685302
1976,5629545117
1977,2611588880
1978,7790886698
1979,2785752826
1980,5943980009
1981,7219990604
1982,3320009723
1983,6930637947
1984,4012297019
1985,0573635721
1986,6525246778
1987,5614117791
1988,2283024197
1989,9868494058
1990,7296743376
1991,6379077400
1992,6775918080
1993,3692142119
1994,5577461666
1995,6826127790
1996,8084990924
1997,6572829850
1998,9911270307
1999,6928404264
2000,4356084147
2001,2419258923
2002,9501585545
2003,2220263774
2004,9052773736
2005,9964032553
2006,6111167223
2007,7323546977
2008,5593956524
2009,8772498947
2010,3628549856
2011,7268564026
2012,1133233212
2013,6957984863
2014,9139477412
2015,6533557726
2016,2557964000
2017,9530305662
2018,0744693629
2019,1478663219
2020,2550570811
2021,5114754588
2022,9699500323
2023,4067916377
2024,6645203919
2025,5528317975
2026,4762764398
2027,5459718830
2028,2075608022
2029,2512692197
2030,1689143289
2031,1654911669
2032,9114607183
2033,7443294808
2034,5471802373
2035,4455545601
2036,2449524301
2037,3635504463
2038,6110367718
2039,3360150892
2040,0444587621
2041,1538688702
2042,1220498237
2043,1438585348
2044,8753795569
2045,6359011232
2046,4290480876
2047,5511327974
2048,8658922518
2049,7360406667
2050,4069161659
2051,2457901860
2052,2935425602
2053,0035872372
2054,9258187686
2055,6903288761
2056,5194297420
2057,1635300740
2058,0432314614
2059,2019397585
2060,3190754583
2061,0315121464
2062,7336288383
2063,0679941099
2064,6608986454
2065,5907805046
2066,4611381560
2067,2486047640
2068,8740641571
2069,2605463460
2070,7184350561
2071,5404534066
2072,6828128406
2073,1064762006
2074,9783354645
2075,4642788877
2076,0432922142
2077,2516664038
2078,6349354674
2079,8356727158
2080,0624412037
2081,8133054464
2082,4465958496
2083,8168808447
2084,2279631093
2085,4681041849
2086,0514919688
2087,4919893667
2088,8147049920
2089,5512858544
2090,5804954793
2091,1747979367
2092,3872130182
2093,5659139415
2094,8805956566
2095,8485608802
2096,6785049938
2097,4819429173
2098,0863020053
2099,3787278835
2100,6567699564
2101,1460111571
2102,6742597693
2103,7657563803
2104,0579552456
2105,2310061318
2106,1409605843
2107,1786457101
2108,1547725329
2109,2150916053
2110,1189572984
2111,6194716749
2112,8090082721
2113,5326473762
2114,4424953362
2115,5380691229
2116,6833848644
2117,8452636651
2118,3997894444
2119,0164848803
2120,4040123128
2121,5801205339
2122,3687583731
2123,7800769841
2124,3003446264
2125,0280725104
2126,6802992174
2127,0014743134
2128,2870642090
2129,4472062504
2130,3298882095
2131,6891286974
2132,5723200286
2133,2383176791
2134,8883611609
2135,9665908777
2136,0583222650
2137,9954752193
2138,7946403894
2139,4418716958
2140,8986196641
2141,7062555606
2142,0430544643
2143,0741075289
2144,5720503656
2145,8576736048
2146,7094456967
2147,3239744410
2148,0998515442
2149,6077384752
2150,4818145091
2151,3723205979
2152,0832233713
2153,4090249991
2154,2180846240
2155,0596826606
2156,2295049302
2157,2826186141
2158,9147696366
2159,2184633901
2160,9566671694
2161,9140263515
2162,1681402590
2163,9359563994
2164,2958665903
2165,1567597364
2166,3512642882
2167,0712950467
2168,4295290456
2169,1580934526
2170,7608540896
2171,6653031869
2172,9142882382
2173,7822806682
2174,4649410753
2175,8861144281
2176,5541949899
2177,8554638349
2178,2928158984
2179,8163861289
2180,9967768387
2181,3070001416
2182,7047541929
2183,0414423513
2184,8359639770
2185,3195551069
2186,2265175398
2187,1303325905
2188,2111621676
2189,0615658723
2190,3635994624
2191,2976655567
2192,5339814143
2193,6880446548
2194,8370565317
2195,1132743247
2196,0422258164
2197,1403944386
2198,0176686845
2199,2919989379
2200,5898744243
2201,4822370803
2202,5924827783
2203,2082529729
2204,1683792672
2205,7590039130
2206,8432985382
2207,9616671228
2208,7444677096
2209,5107460630
2210,6778725603
2211,1019317497
2212,3688981747
2213,8988448054
2214,0947187571
2215,8021540552
2216,6233027489
2217,0136799492
2218,9267556487
2219,8449491634
2220,3650132430
2221,1110885992
2222,6884628317
2223,7446882717
2224,4713317138
2225,7766292861
2226,3841175891
2227,2318059127
2228,3137692106
2229,3461226202
2230,9331399045
2231,2102501767
2232,8768493752
2233,6465639507
2234,8789075312
2235,4790363514
2236,9931615031
2237,6790510217
2238,0610144732
2239,7349814589
2240,8765968727
2241,7277656852
2242,4909456959
2243,5097417802
2244,5651427120
2245,1238390857
2246,1148244380
2247,0714438449
2248,7359150657
2249,7528372521
2250,0696987184
2251,7591957498
2252,3325823227
2253,7169766212
2254,1521893949
2255,4167418514
2256,4741669156
2257,9963609271
2258,7130525335
2259,2682499141
2260,5659678733
2261,0805025933
2262,4019004643
2263,2913474507
2264,4305939465
2265,4970400507
2266,3668268319
2267,5112389687
2268,7077916714
2269,5252316030
2270,9927629387
2271,6964999030
2272,0499209855
2273,5490963778
2274,7629367999
2275,1330228121
2276,0110287663
2277,5732096740
2278,4988238888
2279,3068758300
2280,5861954206
2281,8467740939
2282,8960982210
2283,7712311386
2284,3649233913
2285,7678271554
2286,1266847066
2287,3999658112
2288,7937268172
2289,1752483967
2290,9212682817
2291,1959492254
2292,6608632940
2293,4077026454
2294,2649372026
2295,9491065811
2296,2595998173
2297,1017859780
2298,5253081681
2299,6490948339
2300,0671102375
2301,1183197329
2302,4502752830
2303,7707766306
2304,1477925666
2305,0825344521
2306,2406757154
2307,8882456261
2308,0085077832
2309,4574318505
2310,8516405299
2311,0432203564
2312,6167543196
2313,9415779567
2314,0838685240
2315,2289987108
2316,3641581878
2317,7377511296
2318,2500700271
2319,6475226346
2320,4463944332
2321,2279848067
2322,5448337796
2323,5108178632
2324,8403993357
2325,4884106376
2326,3380843289
2327,4023537283
2328,7233205074
2329,1228603314
2330,4661354754
2331,7296184344
2332,7406387864
2333,6251360469
2334,6155728897
2335,5904299205
2336,1370794722
2337,6604450997
2338,7383095576
2339,1047058196
2340,0840027849
2341,8074887247
2342,0257932143
2343,3583171249
2344,1401133765
2345,0717485015
2346,3273847248
2347,0187455397
2348,3125059528
2349,6634268201
2350,6151495717
2351,5083038870
2352,6898129379
2353,3809242673
2354,1681134549
2355,3339389526
2356,8723937982
2357,4133718034
2358,6183222693
2359,1223851961
2360,0256604117
2361,9347840974
2362,6108466310
2363,2434290696
2364,1881143880
2365,5283951936
2366,3676107443
2367,1307840088
2368,2576479907
2369,1347651482
2370,6905167204
2371,2168632033
2372,5953056582
2373,1603249011
2374,9061001569
2375,7345009977
2376,7632639104
2377,3350195511
2378,2760602545
2379,2558819636
2380,5986887349
2381,7750538576
2382,7792081059
2383,4873784950
2384,2282055068
2385,2108652805
2386,8803474802
2387,0907074856
2388,3980395337
2389,1158199471
2390,0162181804
2391,2499841929
2392,2784176144
2393,2285847502
2394,4674555950
2395,6280951032
2396,0759321092
2397,9913445024
2398,4680597692
2399,6867195013
2400,4417648131
2401,3650760707
2402,1251599399
2403,0424354020
2404,5344760372
2405,1050266732
2406,5046508787
2407,9378000808
2408,4534094874
2409,1286987960
2410,7990816370
2411,7393113845
2412,7707953316
2413,9299049541
2414,7515627092
2415,5901722691
2416,3027493359
2417,1193275557
2418,9864428061
2419,5624920339
2420,9363149832
2421,7000097166
2422,4120827280
2423,7925379899
2424,9355447752
2425,1023624275
2426,8949959460
2427,7334557068
2428,7457262862
2429,5048897673
2430,3653719633
2431,2059114283
2432,6376733919
2433,7223064359
2434,1075252068
2435,5585668698
2436,2530774095
2437,9703095027
2438,4695941928
2439,7526639559
2440,7106784027
2441,7647821207
2442,3521879970
2443,9632228391
2444,9988224193
2445,1131146337
2446,7796599126
2447,7708975448
2448,9174031617
2449,1134951927
2450,7374469463
2451,3937194790
2452,8494932041
2453,7308282692
2454,5059667936
2455,9953339726
2456,5688733344
2457,8406828347
2458,9912522633
2459,6211440977
2460,6670863457
2461,7830775068
2462,4458463364
2463,5217587001
2464,2136488516
2465,1567332061
2466,6388822944
2467,6968628957
2468,6198901249
2469,5834785294
2470,4072160503
2471,6120381133
2472,5547715331
2473,3716800190
2474,2127042617
2475,2681519480
2476,8859913732
2477,0935401556
2478,1817208773
2479,3022023280
2480,7889393169
2481,9896575151
2482,4942579561
2483,3597421963
2484,2299089864
2485,4222242689
2486,6700707445
2487,2003508245
2488,1401009118
2489,3391325848
2490,6871742505
2491,0655681534
2492,2102326082
2493,8283081557
2494,3581265005
2495,4668202150
2496,2330950910
2497,8509999493
2498,3218263560
2499,8908442416
2500,2900945192
2501,0657481399
2502,5624974364
2503,1787706199
2504,5767325327
2505,1567585209
2506,9051989070
2507,9528766265
2508,5671165763
2509,5638050934
2510,0476043690
2511,8574396168
2512,8093506982
2513,3982317825
2514,7013631559
2515,6167082453
2516,5684088344
2517,5087216757
2518,8130434905
2519,0737401313
2520,8363082096
2521,7351829872
2522,4799390673
2523,5966290825
2524,7238550971
2525,8120622882
2526,1480450438
2527,8669019312
2528,8448541478
2529,5981073569
2530,5631062669
2531,8248467326
2532,8387418181
2533,8119384096
2534,5822586803
2535,3619182586
2536,2677843257
2537,9869293652
2538,7032267037
2539,5479259555
2540,6810660608
2541,1296585827
2542,4974896276
2543,1877729435
2544,8258140653
2545,8970029954
2546,1297571471
2547,1424282758
2548,0430496993
2549,8029054456
2550,0171857360
2551,0591688747
2552,2292261967
2553,0140577093
2554,1537117418
2555,7884374605
2556,8046209943
2557,6094377097
2558,4236072989
2559,1281432446
2560,4788305124
2561,1742331813
2562,2875660196
2563,7726618773
2564,3078475006
2565,8550620427
2566,6152075865
2567,5835673892
2568,3540264398
2569,7754748725
2570,3222673547
2571,1853137879
2572,6826207953
2573,0384613390
2574,9397459152
2575,7117634354
2576,0534782966
2577,4476368215
2578,7532933155
2579,5054561131
2580,2508011023
2581,1129072906
2582,5526991611
2583,9335913041
2584,2913390092
2585,6130989053
2586,7776136102
2587,7293396762
2588,6861701574
2589,3342446047
2590,3753695234
2591,0307995544
2592,9000709303
2593,1320147369
2594,8081680069
2595,4122518667
2596,3007244977
2597,9882807067
2598,2778129145
2599,0056613399
2600,1468635071
2601,0512571198
2602,2119822620
2603,6591814838
2604,7484134535
2605,7884913766
2606,9262923786
2607,7955370967
2608,9554850861
2609,8766649840
2610,3217297231
2611,2656458468
2612,0893268751
2613,4753336619
2614,3655007926
2615,5757553381
2616,7093018879
2617,2703059132
2618,7640637149
2619,2741082955
2620,8668786419
2621,7834277090
2622,7964930783
2623,2282580365
2624,8055350524
2625,7902661223
2626,3252762287
2627,0878818269
2628,1051928254
2629,8326910339
2630,2721135267
2631,6984993175
2632,4255898307
2633,7008761218
2634,4493938233
2635,9150294670
2636,1144170904
2637,6882297385
2638,6713682460
2639,8335175835
2640,0133428455
2641,2596917984
2642,1741170888
2643,4842986923
2644,7748317106
2645,9989162755
2646,3225349033
2647,6251601073
2648,0005279684
2649,5241046929
2650,0487664670
2651,7320512394
2652,1358849549
2653,7282699632
2654,0473602854
2655,1940614496
2656,1591820115
2657,3771210390
2658,9251137065
2659,4647543203
2660,8268187431
2661,5111269085
2662,1113819328
2663,2407561792
2664,1430019340
2665,9639882467
2666,6134475236
2667,6002952771
2668,9983673017
2669,3998522609
2670,4234136048
2671,1300060800
2672,5512889430
2673,6328630061
2674,4492864763
2675,2338770486
2676,9032092986
2677,3098271717
2678,6844934922
2679,6906185245
2680,1145878455
2681,7272260011
2682,4966006852
2683,0617753436
2684,5513176367
2685,1163091106
2686,6206136333
2687,4633583288
2688,5083246973
2689,5663380733
2690,1805613660
2691,3988384214
2692,2232743893
2693,1045549983
2694,9375596368
2695,0154026539
2696,8057249795
2697,4482373654
2698,9598589153
2699,4284861583
2700,7578226858
2701,1833406558
2702,0315157077
2703,4255138458
2704,9149333360
2705,9630374941
2706,1820354619
2707,1658154462
2708,2263077714
2709,5841675293
2710,1663670845
2711,3805572434
2712,9829279916
2713,3691793666
2714,6600219590
2715,9263464960
2716,1903121423
2717,2193076040
2718,9011526854
2719,6416641626
2720,2574060006
2721,1102422453
2722,0141801233
2723,5881667092
2724,5998486199
2725,1809053421
2726,0467358498
2727,3957398597
2728,2147311704
2729,1907983976
2730,7219985921
2731,3330943254
2732,6202183199
2733,9471452051
2734,5754374770
2735,6164030245
2736,9563519422
2737,6653708153
2738,0648395182
2739,2149687792
2740,0808207767
2741,4771644892
2742,5085377434
2743,0906975679
2744,4655546006
2745,2088233168
2746,6755168124
2747,8036406970
2748,9438038642
2749,8387023480
2750,4691187371
2751,1058939663
2752,2465439287
2753,8622254451
2754,0155606685
2755,7254611046
2756,7555548503
2757,0050350384
2758,3922278629
2759,7660142614
2760,2116093192
2761,1700810416
2762,4627308732
2763,0303628053
2764,8580964459
2765,0819600525
2766,5127509723
2767,8791751417
2768,1184011373
2769,8202519414
2770,7694546544
2771,2746254443
2772,5041673967
2773,5618638001
2774,9040926184
2775,4362662846
2776,3349866746
2777,8713272501
2778,9871816558
2779,9033498588
2780,6977122142
2781,2882150937
2782,7539906244
2783,4320792896
2784,6139243109
2785,5789538783
2786,7764777076
2787,2378370167
2788,0875344306
2789,9027358252
2790,8805966465
2791,1106689648
2792,1924168563
2793,8724297970
2794,9381178465
2795,1934385830
2796,4285384160
2797,9912962754
2798,6955636936
2799,4506511134
2800,7929836616
2801,1441324939
2802,1503108854
2803,1233593850
2804,5878575290
2805,9935081742
2806,8025461455
2807,3127943143
2808,6687624082
2809,9454558659
2810,1603823266
2811,6786037287
2812,3706764452
2813,2044796862
2814,2402369473
2815,9594851752
2816,0188424668
2817,0399456057
2818,1773951770
2819,9228375339
2820,8550583326
2821,3973196655
2822,8067220225
2823,0338648237
2824,4150506742
2825,3195143404
2826,9232981809
2827,6433893560
2828,8910466871
2829,2083326870
2830,0670647931
2831,1417675671
2832,3808130784
2833,6375705582
2834,2045219943
2835,4047195417
2836,3467020033
2837,9434858859
2838,5286662628
2839,9395025606
2840,5399932814
2841,8021365032
2842,1711376706
2843,7040309898
2844,1155053912
2845,5012665609
2846,1378297937
2847,3637542524
2848,5785647327
2849,1458731943
2850,4429734973
2851,3200846200
2852,9733321555
2853,6316129281
2854,1265744600
2855,6675838636
2856,7998424445
2857,4669753199
2858,9682162248
2859,6329892242
2860,2651105043
2861,0370341408
2862,7721514270
2863,9875380337
2864,4730876948
2865,2784721510
2866,6812996230
2867,7226386812
2868,6989213058
2869,1345581815
2870,8534355010
2871,0489234417
2872,1061344066
2873,3667159652
2874,4758281451
2875,7907473927
2876,8363065987
2877,1450860842
2878,3797990724
2879,2863493371
2880,6610119947
2881,0007841655
2882,8436555919
2883,2578393314
2884,3613079792
2885,5960628119
2886,3035224418
2887,3456484175
2888,9827877542
2889,4549300088
2890,9919067297
2891,8077315481
2892,8568999265
2893,5403620002
2894,2410432567
2895,5702348419
2896,6868273868
2897,5087721871
2898,4912878772
2899,2039174030
2900,4835394513
2901,5549366584
2902,3831672700
2903,2117529888
2904,0160094609
2905,2074000545
2906,9617477215
2907,5339800812
2908,4645259842
2909,8521609019
2910,2074056742
2911,4703395471
2912,2954051838
2913,7421803053
2914,1784247732
2915,5568209392
2916,9931553450
2917,5619736503
2918,7201182662
2919,9269615143
2920,5378053147
2921,3439954055
2922,2271647852
2923,8262350098
2924,0080528274
2925,1921126225
2926,2690482462
2927,4727311519
2928,9959494240
2929,9993727723
2930,8281170930
2931,2343863557
2932,3904386007
2933,6158219230
2934,6696158431
2935,8677045861
2936,2127988884
2937,5671452200
2938,7184821937
2939,9261419076
2940,8259818454
2941,0139002908
2942,3903779122
2943,8213653977
2944,9287109776
2945,9704232998
2946,6177009359
2947,9579730923
2948,5498530588
2949,2488333219
2950,5199267858
2951,5912884754
2952,5883700575
2953,7878774762
2954,6519859829
2955,1417784372
2956,7660345120
2957,1989828710
2958,4265239082
2959,1368442547
2960,8043609623
2961,6931665628
2962,8267653555
2963,1649137149
2964,5299402446
2965,0632824749
2966,6156861186
2967,1081039023
2968,3429830560
2969,1775851284
2970,9361621200
2971,1083642809
2972,4944244508
2973,9255415866
2974,9014247205
2975,2062722313
2976,2952691987
2977,9281336429
2978,8950699730
2979,0604355170
2980,9351256143
2981,0037900718
2982,9502002068
2983,0782204015
2984,8269705374
2985,5062114680
2986,1055618629
2987,8372183471
2988,7769361884
2989,9393070083
2990,3184349008
2991,4788076916
2992,2032173486
2993,2194050586
2994,8201003346
2995,8801892098
2996,3176274107
2997,2324617237
2998,1228573116
2999,3658518090
3000,9110309543
3001,3163999393
3002,7028703467
3003,9841754078
3004,2724809151
3005,4597615040
3006,1916355566
3007,8260815564
3008,3049072926
3009,1329587393
3010,4878987662
3011,4569846676
3012,1828950658
3013,1163102924
3014,1416630531
3015,2117900111
3016,8795572561
3017,9811310383
3018,3258772405
3019,8181499734
3020,0962390000
3021,5389774522
3022,3952066277
3023,1697124810
3024,7248074349
3025,8070252823
3026,5638621146
3027,3301256068
3028,5414792518
3029,8640175837
3030,8705846573
3031,7778195563
3032,4308486614
3033,5087899201
3034,2361183155
3035,0322953508
3036,6158140515
3037,9736658883
3038,8473925747
3039,2515797586
3040,7819803604
3041,3986316777
3042,4884729198
3043,3036364454
3044,8596759684
3045,5550178125
3046,5910139542
3047,1117170021
3048,8820043340
3049,3251910583
3050,0941094522
3051,8297595208
3052,8400053723
3053,1764394665
3054,4865460779
3055,6479833589
3056,7770728167
3057,8853368590
3058,0262830733
3059,4212354283
3060,7978946869
3061,8897653676
3062,4971604849
3063,4400724884
3064,2578648397
3065,3228123988
3066,6061189474
3067,7839429837
3068,2565246952
3069,4231415731
3070,6534297374
3071,8923157994
3072,0556589582
3073,1903536805
3074,9457803430
3075,5033168903
3076,4770519372
3077,0345666729
3078,9767668774
3079,6369269167
3080,0352539670
3081,0217716123
3082,2666409424
3083,1628469074
3084,9895265145
3085,4753093060
3086,9028809271
3087,6894100926
3088,3107233848
3089,8978695850
3090,3552268769
3091,8217863369
3092,1697257638
3093,6572790060
3094,1063839050
3095,3711162599
3096,6259831528
3097,8729722892
3098,5508609254
3099,6289876169
3100,2174135666
3101,0563036403
3102,9139368475
3103,5956351109
3104,2514611312
3105,0634582881
3106,0608492749
3107,1161758087
3108,1418349995
3109,6525895643
3110,1102291620
3111,7519526250
3112,4071953136
3113,1226114524
3114,8333909130
3115,5711166682
3116,6791817054
3117,8607962105
3118,6891508098
3119,5006092795
3120,0419393712
3121,7799399522
3122,0722118051
3123,8502165913
3124,4294483832
3125,8532236221
3126,4150272169
3127,6778006116
3128,0341917387
3129,5558064779
3130,8440303862
3131,5383083026
3132,5436211000
3133,7202118683
3134,7642462726
3135,6098555637
3136,5618283595
3137,5378583294
3138,7245025440
3139,9564976986
3140,6709157646
3141,5595878382
3142,2935623522
3143,5315628460
3144,1429209833
3145,1946757991
3146,4000380647
3147,5335533460
3148,8380559181
3149,6833291869
3150,8670195781
3151,0970628631
3152,7553316655
3153,6261026715
3154,3424845829
3155,4014346142
3156,9946588961
3157,6731924008
3158,2536035523
3159,9825996401
3160,6598012847
3161,2873968266
3162,2636229781
3163,3766143358
3164,5164564724
3165,2486469363
3166,5050381663
3167,3228062140
3168,1359144680
3169,5301952275
3170,5936744867
3171,0853329416
3172,5436384005
3173,4294054304
3174,7069873041
3175,7454632056
3176,1202324544
3177,3566732623
3178,9797822172
3179,9444186468
3180,7338095945
3181,1500987316
3182,6225872445
3183,3384246380
3184,2761472467
3185,7960615085
3186,8572392389
3187,4421719828
3188,3945244610
3189,8632776511
3190,0643341406
3191,6180055674
3192,5166422198
3193,9000925257
3194,9348955023
3195,6195228113
3196,8591912455
3197,8062065825
3198,5412218489
3199,6297741875
3200,0742328920
3201,9866114861
3202,5483311853
3203,1307246753
3204,4077232859
3205,4959543623
3206,1113394978
3207,7364063337
3208,5260568029
3209,6356596310
3210,7883041835
3211,0180947561
3212,3174546401
3213,1597452854
3214,4867537736
3215,2439873500
3216,2193992763
3217,4962090960
3218,2185265546
3219,6623739968
3220,1233452116
3221,6071854371
3222,0236213692
3223,4824156333
3224,8852361774
3225,4909513356
3226,3901096195
3227,7870462431
3228,8658659232
3229,3841416924
3230,0936810346
3231,5654896343
3232,2834875927
3233,4658074271
3234,7159518715
3235,1297735358
3236,8683122952
3237,8817200729
3238,7283049730
3239,3379331906
3240,2912717426
3241,9557420579
3242,7412531122
3243,5766766941
3244,7552401588
3245,3611111762
3246,3653276490
3247,9101581639
3248,1141510498
3249,6918375864
3250,6110958085
3251,3468844288
3252,3815568822
3253,2505163731
3254,1943018934
3255,6795845740
3256,5510315274
3257,3944355172
3258,6738379678
3259,5804498528
3260,3334488770
3261,7825296071
3262,1564521715
3263,5765716112
3264,9564092476
3265,7526698815
3266,0806410971
3267,1209502699
3268,5297682312
3269,2529210058
3270,8864345282
3271,5063434693
3272,7796187088
3273,8725394377
3274,7648030807
3275,1425271508
3276,7433573636
3277,4102561384
3278,0883811191
3279,4602423935
3280,8342567537
3281,1537926085
3282,7584342224
3283,4844541498
3284,0494752657
3285,9650217621
3286,3098254836
3287,8637474978
3288,7340620818
3289,8276090293
3290,8813280965
3291,1713110050
3292,4195665415
3293,9036583983
3294,1968095039
3295,2960872884
3296,8523301447
3297,4176974748
3298,0174439299
3299,0845469809
3300,6975506043
3301,8539161519
3302,5232199458
3303,2073720835
3304,4338370090
3305,7225914786
3306,4390636699
3307,1599110724
3308,4260572435
3309,5878008424
3310,3050208761
3311,1940732421
3312,4719213517
3313,9895625156
3314,6888306601
3315,3413655566
3316,4732568156
3317,2298569096
3318,2423854185
3319,0801474988
3320,3689874298
3321,6887619190
3322,4124739805
3323,9758526685
3324,2321102100
3325,2657315121
3326,3704864505
3327,6417802656
3328,7258950650
3329,7418493363
3330,1603684906
3331,2970889688
3332,1694756778
3333,2102254433
3334,7921462353
3335,6434601816
3336,2472023601
3337,6713261683
3338,3764693645
3339,8673267343
3340,8286707271
3341,6107957252
3342,9206409870
3343,4154368568
3344,8406408955
3345,8286805679
3346,0829555135
3347,6253388167
3348,2123125572
3349,9654137870
3350,5232603429
3351,1629933403
3352,9713551414
3353,6209699107
3354,7312999244
3355,6815066311
3356,4122445820
3357,8944341773
3358,7415693296
3359,3307053527
3360,1221699757
3361,3775395929
3362,3027979934
3363,3244076471
3364,8924953781
3365,4504949888
3366,1611996274
3367,9884561822
3368,1259272968
3369,8014125765
3370,2082233358
3371,2884189242
3372,8977184829
3373,5741825637
3374,8614707365
3375,1780875574
3376,4412964771
3377,9491457754
3378,0731245439
3379,9194369424
3380,7501228935
3381,8562542868
3382,8229062330
3383,1737240352
3384,7326801246
3385,0667419078
3386,6841505608
3387,7719650995
3388,3720870429
3389,9763874399
3390,9552420820
3391,3923223709
3392,6814040102
3393,8166634969
3394,9731210071
3395,4118695967
3396,5121086400
3397,6028790049
3398,8464220323
3399,6449123918
3400,8098509708
3401,4799017902
3402,2352307825
3403,7887372256
3404,4141504300
3405,5560232579
3406,6176840963
3407,2672741557
3408,3830050600
3409,2920526811
3410,5280018593
3411,2833937620
3412,6623931451
3413,8358248307
3414,4818007901
3415,3044307164
3416,2633966593
3417,3536541192
3418,2568307486
3419,7968733374
3420,5243684355
3421,2631438422
3422,8376166516
3423,4358479672
3424,7177236724
3425,6775857405
3426,8618223589
3427,4779842672
3428,1664747292
3429,0977729943
3430,0962711049
3431,2976473301
3432,9745220252
3433,4567836757
3434,2011830210
3435,6632174133
3436,6677127023
3437,0878507658
3438,4988718354
3439,8447662505
3440,7139973483
3441,3145953096
3442,6687412525
3443,3095651908
3444,1548023738
3445,1834991104
3446,7173581601
3447,8111975712
3448,0116503154
3449,0627657730
3450,1657479810
3451,0544358490
3452,1146470017
3453,0647236707
3454,8235957930
3455,4884560870
3456,4699924377
3457,3176809785
3458,4612572764
3459,8785247525
3460,6193780137
3461,7174559779
3462,8589325107
3463,6005271279
3464,3349183149
3465,4105660562
3466,0216574681
3467,7157770594
3468,5340249397
3469,2266039517
3470,7536745577
3471,2760505909
3472,9585275383
3473,2482162348
3474,1518323783
3475,2583954000
3476,1848449704
3477,0443295816
3478,6645364202
3479,7600075257
3480,6149018433
3481,3752291671
3482,5716226057
3483,0808356453
3484,3397744744
3485,4920849069
3486,6303299174
3487,9461202793
3488,1259879825
3489,6971736520
3490,9439408407
3491,4091615807
3492,3092060785
3493,5588325026
3494,4758611127
3495,9863921312
3496,9168919683
3497,1755591475
3498,6986274887
3499,3521386166
3500,2941845215
3501,5171019350
3502,5459072946
3503,1898252030
3504,8578912748
3505,1718579595
3506,3156408393
3507,6870346454
3508,1362186868
3509,9676637613
3510,8560486533
3511,4927905134
3512,9762825976
3513,1849282006
3514,6386619955
3515,6263407173
3516,7068342622
3517,6769738605
3518,2821128247
3519,3347430335
3520,5837602279
3521,9555868087
3522,4996383904
3523,3875764946
3524,3638366030
3525,6351398863
3526,9902787628
3527,8821301774
3528,2940672250
3529,0913911001
3530,3028590039
3531,4388369200
3532,3206794196
3533,5283792216
3534,7583305028
3535,6728999332
3536,1818685776
3537,6456958415
3538,2948032732
3539,6321483326
3540,2550986490
3541,1040639487
3542,8671881394
3543,1559129366
3544,7209592070
3545,5472661595
3546,2576484656
3547,2150305300
3548,5776609235
3549,5031774751
3550,9214022945
3551,0579634647
3552,0228731865
3553,5751042036
3554,6322711730
3555,4168357456
3556,0321910276
3557,0853462396
3558,1526815502
3559,6695262031
3560,2994103734
3561,0835861579
3562,4713246490
3563,0642983448
3564,5816683294
3565,7681603304
3566,8000704676
3567,9938568800
3568,7583064533
3569,1849968637
3570,3205625474
3571,2842088819
3572,1612735861
3573,0748899586
3574,9835787912
3575,0951599123
3576,1273423711
3577,8354385737
3578,4141164647
3579,0483550828
3580,3638354641
3581,7945431799
3582,1979831745
3583,2609029576
3584,6413560267
3585,3392846362
3586,3998838639
3587,1518343606
3588,6990594533
3589,6052740883
3590,1364351309
3591,8483892948
3592,0471213407
3593,0880961980
3594,9555124299
3595,2134294720
3596,7011446941
3597,6854215107
3598,7927197690
3599,7013157954
3600,9833367158
3601,4108468691
3602,4521945291
3603,7589725486
3604,1603022104
3605,6110238791
3606,6498917781
3607,2211984746
3608,6741219006
3609,3475316737
3610,0872467546
3611,0266090549
3612,5026117535
3613,2119697799
3614,1808442163
3615,5043266133
3616,4622618158
3617,9097781455
3618,5465499494
3619,8519606653
3620,1756197082
3621,4765291944
3622,1687529972
3623,4910461609
3624,6073865496
3625,2928513206
3626,3290993563
3627,6714878721
3628,1094728126
3629,5229086909
3630,4976152538
3631,4569996375
3632,6416822256
3633,5847261820
3634,3637360125
3635,6717282640
3636,8623184554
3637,6652750319
3638,8594555604
3639,8821819437
3640,6792084608
3641,2163930643
3642,2646867051
3643,5733137895
3644,7554649063
3645,6219350214
3646,2838365341
3647,0374847702
3648,7598965951
3649,2368885567
3650,9347463398
3651,6653147840
3652,9142370285
3653,6490681779
3654,7283554919
3655,2773637799
3656,6081610299
3657,6600114232
3658,9545262396
3659,1257557205
3660,8214445122
3661,0898677758
3662,6379531496
3663,1539156089
3664,9381631344
3665,8204993782
3666,1535595970
3667,9161428767
3668,8379169928
3669,8339193543
3670,9287042615
3671,1091764280
3672,6505019241
3673,0126237846
3674,9705065529
3675,1541003070
3676,1702865896
3677,9980541645
3678,1056502572
3679,5164338874
3680,9220752646
3681,0812629963
3682,8385817514
3683,7688097531
3684,0184190630
3685,4505681724
3686,2278416009
3687,2514461640
3688,9923413182
3689,9387727849
3690,1479898528
3691,2248507192
3692,8263068166
3693,9917813510
3694,8256692014
3695,6731781752
3696,9421103664
3697,7228551044
3698,0591320850
3699,9707497307
3700,9625166307
3701,8963148047
3702,5861208947
3703,3130509811
3704,5889393816
3705,9943859068
3706,7991378749
3707,4291885033
3708,1569518881
3709,4135555816
3710,8838147437
3711,6324553095
3712,3559087237
3713,4424681345
3714,6571656622
3715,3992153763
3716,8684062598
3717,5240510809
3718,3278542716
3719,4854557503
3720,2830043847
3721,3956605193
3722,4663788899
3723,3293884392
3724,2009823872
3725,5485532967
3726,8178204170
3727,7764640256
3728,4266588143
3729,7257971790
3730,9272037663
3731,3794504553
3732,3063392779
3733,0795075142
3734,1071347670
3735,4908100947
3736,6409491160
3737,8401265427
3738,8510844396
3739,2299448427
3740,2036050818
3741,8000119856
3742,2019045422
3743,4396549670
3744,0200323039
3745,4972382046
3746,5126910065
3747,5988849121
3748,6204043754
3749,2171748482
3750,5985664389
3751,7373400287
3752,1527777535
3753,9743157235
3754,1162396061
3755,6941602879
3756,3860488918
3757,2423609924
3758,4102386321
3759,0187786312
3760,1122992770
3761,6410717970
3762,9269996102
3763,7973851466
3764,6319711460
3765,4272436747
3766,0640303959
3767,1526027143
3768,4959982746
3769,2291604664
3770,0789313635
3771,2865755922
3772,3342675470
3773,8389614932
3774,4128005559
3775,8249305510
3776,9590776210
3777,0500465985
3778,7140709925
3779,5417784337
3780,8811478845
3781,5804901465
3782,9360068116
3783,8980635094
3784,8543274743
3785,7700149615
3786,9328723094
3787,6088226503
3788,4741164388
3789,8966001360
3790,3019360905
3791,6213563957
3792,8531845974
3793,7206747609
3794,5839016584
3795,0964207312
3796,0195691103
3797,2892777903
3798,7274421911
3799,4774715139
3800,5622067027
3801,6729462852
3802,6639786286
3803,3339609230
3804,5245165683
3805,5682419390
3806,3169699269
3807,3073165990
3808,7520602732
3809,2576227997
3810,0939286398
3811,5831042954
3812,2680993255
3813,9267229006
3814,2033132506
3815,1049474081
3816,4916305477
3817,0021609066
3818,9691453341
3819,9726462963
3820,9031158816
3821,1367861549
3822,2636022999
3823,3973846683
3824,7979886002
3825,9067632644
3826,5697179374
3827,0600360994
3828,2339381170
3829,0079008022
3830,1687627891
3831,3107749210
3832,6220823339
3833,5566265141
3834,8736292817
3835,1925976548
3836,9626633856
3837,8336553718
3838,7295447505
3839,2799006297
3840,7093718126
3841,3804786124
3842,3140313823
3843,5378595682
3844,4153726235
3845,7109632737
3846,9689710557
3847,1761742413
3848,6545421113
3849,5915385326
3850,2089938009
3851,7200976089
3852,2282563474
3853,9874357289
3854,6117087135
3855,4509048929
3856,1995712033
3857,6826027719
3858,2846871229
3859,3180723242
3860,3588898520
3861,6036749434
3862,5551942686
3863,9122696113
3864,6224675898
3865,1098097315
3866,6238007705
3867,5900576923
3868,7819128817
3869,4701485578
3870,4350551692
3871,7350117952
3872,4665153840
3873,9706326079
3874,6761191070
3875,5592222978
3876,9865512773
3877,4359636121
3878,9720279278
3879,3268448421
3880,6792164665
3881,1826936960
3882,0127030267
3883,8593546690
3884,5658021227
3885,5521584718
3886,7682700615
3887,7132205130
3888,6678807795
3889,6765256142
3890,6915311550
3891,9007771096
3892,7841478911
3893,3274697549
3894,4234050307
3895,2669975748
3896,9988829372
3897,9380053673
3898,4816109214
3899,4526077707
3900,0751362781
3901,3668914761
3902,0945106538
3903,0139224278
3904,8479570668
3905,6832430247
3906,8480857436
3907,4324371250
3908,7134284876
3909,5647333995
3910,9553507060
3911,3172691704
3912,4566961847
3913,9718549798
3914,6741848394
3915,6970420300
3916,8477053793
3917,2849940664
3918,9499946259
3919,3672086838
3920,2679516811
3921,8562084748
3922,0098165122
3923,7717478137
3924,2770566275
3925,4008358985
3926,6245069152
3927,0660877813
3928,8001519257
3929,7030658921
3930,0942005017
3931,0951404620
3932,1764622901
3933,1733008480
3934,9279563592
3935,8581132405
3936,4325243388
3937,2343528689
3938,5972196248
3939,0378396398
3940,0828179269
3941,9914767176
3942,9114939284
3943,1547178211
3944,3004303728
3945,5787265679
3946,2684610346
3947,7284271550
3948,3115688951
3949,4820915757
3950,3129002919
3951,4820650188
3952,2366923657
3953,2404721826
3954,3283471674
3955,9762037704
3956,7187057246
3957,8323373317
3958,4378233625
3959,0616116822
3960,8828667814
3961,1534371065
3962,6891565325
3963,9114496388
3964,5262433860
3965,9566173510
3966,8429196620
3967,8662693842
3968,7003421848
3969,8075779681
3970,7551516177
3971,6679080777
3972,8116988347
3973,6029372536
3974,8360461392
3975,4198808424
3976,0974020399
3977,3304467989
3978,7983510457
3979,0259078305
3980,8331482942
3981,3901679870
3982,6743586353
3983,4779525521
3984,1637877580
3985,6191489468
3986,6859713601
3987,1698769774
3988,8068616784
3989,1108053272
3990,8978695474
3991,5684799553
3992,8427663661
3993,4032621057
3994,2402463796
3995,2302805314
3996,9910545203
3997,4630650354
3998,4918221658
3999,1417846537
4000,6409126897
4001,9999803903
4002,4338910110
4003,0342359043
4004,1881607061
4005,7184356335
4006,8463751942
4007,6675651090
4008,1375436676
4009,2549711992
4010,7441690614
4011,0824513706
4012,9825652449
4013,6439389075
4014,4831549782
4015,4726341790
4016,6629182565
4017,3119074911
4018,5547769378
4019,2046898046
4020,4444984603
4021,2199276235
4022,3464685176
4023,7908372041
4024,2789386053
4025,0273701402
4026,5790105068
4027,7504579774
4028,2231436624
4029,5125984472
4030,8575711971
4031,9256726300
4032,7890638444
4033,2879750346
4034,1483335168
4035,1403470756
4036,7519136224
4037,4240510198
4038,7934853827
4039,7820310800
4040,5433753275
4041,3778590138
4042,3337391739
4043,4860467955
4044,0628332300
4045,7362545849
4046,6723481092
4047,7330360779
4048,9080028679
4049,7371221644
4050,9165505550
4051,1477604341
4052,2031339624
4053,2169603846
4054,9293774163
4055,7271265272
4056,4974159387
4057,9867942421
4058,5586597065
4059,2644955723
4060,3764313130
4061,0753680060
4062,0161710296
4063,9869427047
4064,4820042909
4065,2157419423
4066,2471477280
4067,6151986473
4068,8394163251
4069,1413306437
4070,1164278793
4071,1859195254
4072,2610265979
4073,2598776828
4074,7439308633
4075,2496839671
4076,9341637056
4077,9971782744
4078,3421952318
4079,3790988320
4080,0067023354
4081,4089691019
4082,8430500166
4083,5980869074
4084,0387496676
4085,4313361615
4086,3598278041
4087,7748076811
4088,2644621153
4089,3424652391
4090,1351735359
4091,1356613959
4092,2904890165
4093,7436113487
4094,9097139383
4095,5349684356
4096,8362699542
4097,8940997542
4098,0111046524
4099,2551654188
4100,8643971435
4101,5746490152
4102,6991213812
4103,1391210422
4104,1818129906
4105,3034591216
4106,7970604809
4107,0105592074
4108,7665284869
4109,5287315127
4110,0360631797
4111,5179399068
4112,3600199097
4113,2351443754
4114,2031083715
4115,6731474228
4116,0652263308
4117,5566366920
4118,2929788358
4119,9767004528
4120,5704387611
4121,5217188803
4122,5332399062
4123,8431403888
4124,1263719350
4125,2286499480
4126,1081756356
4127,7827800919
4128,1362904422
4129,0112024711
4130,0104164814
4131,2841139334
4132,8356806748
4133,5359226296
4134,6592233519
4135,8265081220
4136,9308289556
4137,1291796678
4138,3265655505
4139,5931397616
4140,9096972299
4141,3415167912
4142,6064256997
4143,2809218404
4144,0225835138
4145,9585187308
4146,1852741913
4147,7793540106
4148,0012883735
4149,0559174772
4150,6783035483
4151,5190751995
4152,4941353778
4153,0660521203
4154,4111344238
4155,2819207353
4156,4179215001
4157,2769459146
4158,6252546759
4159,7204829598
4160,8517724677
4161,4233982578
4162,6855440262
4163,0040822035
4164,6246757563
4165,1149033453
4166,3088246036
4167,1675072503
4168,0225354901
4169,4904108457
4170,7785328137
4171,5512960925
4172,6989695789
4173,3053568055
4174,8395309291
4175,2148507412
4176,1049599464
4177,7710034956
4178,1168943408
4179,3050389302
4180,7506848651
4181,3572963682
4182,0483830094
4183,4309623925
4184,9512494221
4185,6497629931
4186,7258389810
4187,8548494949
4188,4337079304
4189,6402762928
4190,7101817555
4191,7035852329
4192,5199874894
4193,9813993393
4194,8789103339
4195,6344044787
4196,1043602094
4197,8567086064
4198,9905513352
4199,0194856955
4200,9148526246
4201,4056861856
4202,8291610127
4203,7068503866
4204,6095238947
4205,3831752753
4206,2064397833
4207,7719167069
4208,5857851902
4209,9261893510
4210,8405321661
4211,8472497928
4212,7465254085
4213,7138807615
4214,9824811514
4215,9426542818
4216,7622509941
4217,2789484045
4218,6401778149
4219,7117228204
4220,6892037946
4221,1733248635
4222,0225560653
4223,4849820805
4224,8749639278
4225,6904327717
4226,2093782321
4227,9250119728
4228,5373295403
4229,9259155973
4230,6829476570
4231,4221904032
4232,2429525250
4233,9552325858
4234,7084127947
4235,7197650737
4236,1787344734
4237,8587156253
4238,2555809826
4239,2791671211
4240,8147774797
4241,2101322048
4242,5466443045
4243,6984530754
4244,0467075768
4245,4074253749
4246,8610378551
4247,9209983855
4248,3410254180
4249,7228429959
4250,0343732778
4251,8546979224
4252,4723568951
4253,0710932559
4254,8714829640
4255,1469142159
4256,5761102920
4257,1208055152
4258,3602952859
4259,7559514043
4260,2703634752
4261,9685492955
4262,3083276667
4263,1383482624
4264,7179005675
4265,3346999060
4266,7783060237
4267,1046741907
4268,5469995363
4269,7275573646
4270,2559195818
4271,2470559061
4272,7749774194
4273,4541454706
4274,9050333657
4275,3184976419
4276,1665734937
4277,7999342277
4278,3434512494
4279,2879139829
4280,4477671703
4281,0013885473
4282,3876311701
4283,8815088447
4284,6041568457
4285,2948219885
4286,6546791803
4287,8607658920
4288,0135797121
4289,6723524343
4290,2911088547
4291,5462930054
4292,7733844643
4293,9693290693
4294,7219357667
4295,0415005582
4296,3096420651
4297,6730726888
4298,8112420464
4299,1403576088
4300,4024843160
4301,4585278626
4302,3141975305
4303,5069499654
4304,9070937528
4305,1319496591
4306,7414682233
4307,5795025157
4308,3273703692
4309,7901903385
4310,8837456276
4311,8495334245
4312,5708255761
4313,0327413467
4314,1201047256
4315,2784075947
4316,9848473205
4317,1236320282
4318,2927500426
4319,5345285151
4320,9822113702
4321,8850350229
4322,6850538421
4323,0585657009
4324,1478516193
4325,0557342264
4326,8834665555
4327,0984939031
4328,4029983809
4329,3312879035
4330,0078610387
4331,1007998828
4332,8646919783
4333,4788187733
4334,4662588624
4335,7767897164
4336,3572584016
4337,8173679446
4338,8305800921
4339,5703409455
4340,4600693019
4341,3721932823
4342,8472949448
4343,1121306460
4344,5963705244
4345,6236689102
4346,7846488476
4347,6567433128
4348,3104107648
4349,5452768790
4350,6400405687
4351,7553559667
4352,5168165316
4353,9424085103
4354,2069196826
4355,8229006906
4356,4268146086
4357,7419227699
4358,7140648010
4359,4340188389
4360,0882547208
4361,7677682631
4362,2638554928
4363,2523892494
4364,5065719613
4365,3953319357
4366,6005323820
4367,0112836157
4368,8541770041
4369,5923305675
4370,4145823585
4371,7624318592
4372,3853701185
4373,5942735935
4374,7271758465
4375,3403756830
4376,0027542723
4377,9118708804
4378,6758977868
4379,2757136582
4380,2934282976
4381,6170696779
4382,6598871634
4383,7340910444
4384,2441925985
4385,9574724428
4386,4906494544
4387,2265519064
4388,1092538048
4389,6963181537
4390,7561988605
4391,9721940455
4392,5856361777
4393,7203740851
4394,2327378117
4395,9403236310
4396,0431610807
4397,4241380317
4398,8001641838
4399,7241287228
4400,1687636972
4401,8979300106
4402,8316535998
4403,7125804626
4404,8357609822
4405,0981904786
4406,0039130860
4407,9947971248
4408,0888850571
4409,3993631501
4410,2780349794
4411,5025726674
4412,9657582272
4413,9558343624
4414,2828177238
4415,7593860825
4416,1310501689
4417,3030968672
4418,3951591919
4419,5735174453
4420,7272095741
4421,9111212347
4422,6923342438
4423,9280110100
4424,5668039587
4425,6898655758
4426,6675118766
4427,1386942444
4428,3336918560
4429,8219385242
4430,7504393452
4431,4870162704
4432,1549176631
4433,4818792644
4434,5799203374
4435,0685517892
4436,2842727549
4437,6450186600
4438,6313027026
4439,8747821121
4440,0548836074
4441,4351304708
4442,1376119100
4443,4343206943
4444,9247373333
4445,6365429767
4446,6195082061
4447,0394616934
4448,2675863827
4449,4398980167
4450,5361796762
4451,7001842461
4452,1301255282
4453,3596166330
4454,2542183690
4455,4062482255
4456,5163985739
4457,5262767293
4458,4630179827
4459,9790072575
4460,5549682540
4461,2941600115
4462,4965823853
4463,1561810955
4464,5760995639
4465,9170421493
4466,5571237339
4467,0051418817
4468,9033690308
4469,9554321743
4470,1404885552
4471,1439114471
4472,3308142404
4473,0972921990
4474,4905041867
4475,7937324406
4476,1663229630
4477,1069748886
4478,3528973285
4479,5648682262
4480,9495590002
4481,9005899505
4482,7924130450
4483,9712686563
4484,0361836833
4485,2142049294
4486,6906601616
4487,4741594176
4488,0827335354
4489,6970850150
4490,2537734742
4491,5478658672
4492,6817726705
4493,6754117655
4494,9324960173
4495,7004514309
4496,6481053908
4497,6649994545
4498,1075739158
4499,2167253590
4500,9237014665
4501,1122523641
4502,3381541439
4503,7789864311
4504,7061197782
4505,6042713878
4506,0791108271
4507,2252851853
4508,9720029856
4509,4093017346
4510,4960606344
4511,1957916138
4512,3738959744
4513,4408935189
4514,0001454522
4515,5680956396
4516,7485579365
4517,5563325049
4518,9322357302
4519,3447041923
4520,0560098368
4521,0348789231
4522,4603099352
4523,7384670786
4524,2744018172
4525,6575493361
4526,9938760275
4527,6603969041
4528,4680828026
4529,5969832858
4530,4861810324
4531,7593744224
4532,5365807549
4533,1394137463
4534,3477596111
4535,5993967607
4536,3207479903
4537,0580791439
4538,3596668200
4539,6274412445
4540,5575959179
4541,1809751466
4542,8994334453
4543,6782288335
4544,3343083992
4545,7647441754
4546,7840814319
4547,6734749623
4548,3509257205
4549,0045997840
4550,3597660629
4551,9078928989
4552,7534303918
4553,8524688617
4554,9291606994
4555,3678928927
4556,9558203532
4557,6909595656
4558,9479186033
4559,3674705000
4560,8173714269
4561,5968596217
4562,4427011826
4563,0139464491
4564,6358403566
4565,4751540312
4566,4286949041
4567,9442047212
4568,8361127263
4569,8669496623
4570,7514931508
4571,5988500203
4572,9625329783
4573,2712421352
4574,5727200291
4575,7988364410
4576,8884039296
4577,5830408246
4578,4393563576
4579,4400409735
4580,0468755400
4581,2994573744
4582,5740765069
4583,9177728738
4584,0664576030
4585,1884105640
4586,4148367216
4587,1267675571
4588,3440340592
4589,6789296196
4590,7733444243
4591,1922209846
4592,8059228071
4593,7976683804
4594,6452332738
4595,4038803129
4596,7601595411
4597,8779502138
4598,9232295483
4599,8013538515
4600,8327459369
4601,6830093968
4602,7471199687
4603,4007029796
4604,4129623424
4605,4138758890
4606,1447973070
4607,0925481576
4608,5835368623
4609,6955183558
4610,0155754262
4611,6570901345
4612,8964155490
4613,0080023931
4614,3086821003
4615,4663308531
4616,6737706435
4617,1302768673
4618,2195764680
4619,9250471516
4620,5927289727
4621,3290778321
4622,6500264846
4623,3541212975
4624,3535628478
4625,4475545674
4626,6346001161
4627,4514988997
4628,5239810269
4629,7753081020
4630,2167978818
4631,1898834196
4632,1036007067
4633,4117226665
4634,6068236328
4635,1397059694
4636,7467987926
4637,6415543498
4638,4119111353
4639,4740764184
4640,2990322059
4641,5463980183
4642,0622497664
4643,4110686405
4644,3928227055
4645,6510312028
4646,1111655057
4647,5907595750
4648,6648691229
4649,7618378599
4650,4352358747
4651,3553824215
4652,4501907274
4653,8175355067
4654,3986812114
4655,3608914602
4656,4696755408
4657,8333471788
4658,9987604510
4659,8667033436
4660,4863781984
4661,1786371072
4662,2211866082
4663,2264677967
4664,8658696981
4665,8098829400
4666,1990246478
4667,9914375470
4668,1553119449
4669,5740491293
4670,7239499165
4671,0150366139
4672,0534664471
4673,0761512455
4674,1938128653
4675,3529724869
4676,0508347879
4677,1948779410
4678,6494090900
4679,8711250318
4680,6686580257
4681,1802085515
4682,7998789140
4683,3438531718
4684,7844424818
4685,1701061802
4686,1307210383
4687,0289936143
4688,6301024014
4689,3602989356
4690,7611560003
4691,6623153371
4692,6366200035
4693,3012994667
4694,9126219940
4695,1259196591
4696,5896942813
4697,7407153108
4698,6978583478
4699,2725819175
4700,4349809874
4701,6643513913
4702,2158007671
4703,3947757579
4704,1613974909
4705,6340005571
4706,4051857420
4707,7740796500
4708,9546339970
4709,3118760632
4710,3547768595
4711,6024951797
4712,1284220632
4713,7533600471
4714,8265436776
4715,7213289444
4716,7972236600
4717,0410197189
4718,5209832476
4719,1019486833
4720,2913452285
4721,0683595645
4722,1940808636
4723,1361541996
4724,4962015968
4725,1826824603
4726,5154733769
4727,1387805075
4728,4449480312
4729,4132890797
4730,9247819937
4731,9243369115
4732,1550092952
4733,2168158205
4734,6357281166
4735,5476783297
4736,5101308956
4737,5597395925
4738,1709073626
4739,0284666815
4740,7874080446
4741,7734864546
4742,6455130840
4743,6340747744
4744,1396210962
4745,9474129647
4746,0859276247
4747,3369153653
4748,5085585224
4749,2992091442
4750,1711710662
4751,3240660295
4752,1223371518
4753,1439088027
4754,7614907578
4755,9393739538
4756,7723218649
4757,3689377201
4758,3426122629
4759,3672716381
4760,6298834019
4761,2800407212
4762,3993154441
4763,2919972027
4764,9984650406
4765,5528420887
4766,2824218870
4767,7608611489
4768,5827307378
4769,7075559560
4770,2885988378
4771,7716878384
4772,6144622040
4773,7588371003
4774,1031322392
4775,6959392051
4776,1674129678
4777,1043784647
4778,1139856936
4779,4096549918
4780,4962943706
4781,9287704300
4782,3778784479
4783,6870980384
4784,9680460422
4785,1594299480
4786,5595967589
4787,4397335964
4788,7326189913
4789,3381346669
4790,9530150201
4791,1766012248
4792,3086976468
4793,8950262507
4794,3548264707
4795,5211542163
4796,4692948046
4797,9506940553
4798,1892687774
4799,0114776775
4800,0390775910
4801,3262343102
4802,2617046404
4803,7083436169
4804,0513796265
4805,9354064238
4806,8622254449
4807,7332633599
4808,5919924289
4809,9465371105
4810,6433544902
4811,0067478220
4812,5667544867
4813,3277590121
4814,1267489202
4815,9579104904
4816,0744194785
4817,8295972878
4818,1876477299
4819,1546969456
4820,3708364110
4821,5470822443
4822,1363854772
4823,1186551800
4824,4354022339
4825,7979316707
4826,0831195485
4827,3868544271
4828,2355305023
4829,5017526009
4830,0362757558
4831,2132044497
4832,4132134537
4833,5773801465
4834,9036427369
4835,5079730932
4836,0914021440
4837,9234038913
4838,0712121924
4839,6626117730
4840,5012660374
4841,6842278225
4842,0272381832
4843,4614983086
4844,5027157335
4845,1611981890
4846,6972500780
4847,5750702033
4848,4070759651
4849,8507929724
4850,5206229993
4851,5603500239
4852,3992616822
4853,3724107652
4854,3182350517
4855,8452423109
4856,8422992646
4857,9488245540
4858,9613581439
4859,0616446282
4860,0315394043
4861,5813289281
4862,9490590426
4863,2991992441
4864,3820298795
4865,1214828523
4866,8208276485
4867,0759926469
4868,8965999239
4869,3907393770
4870,5899504414
4871,9640017063
4872,7105278568
4873,6233286165
4874,8730214568
4875,6267157600
4876,9898067311
4877,9072821413
4878,2513368570
4879,4793078565
4880,7248566943
4881,5815393063
4882,2625335470
4883,7838396056
4884,0671827969
4885,4938811565
4886,6495213161
4887,8013201506
4888,0236301654
4889,9240913961
4890,2712823031
4891,2251720921
4892,6204345955
4893,3949433447
4894,4565801373
4895,9516150075
4896,6430944784
4897,6886098383
4898,1616049653
4899,4947160824
4900,4146556907
4901,2777585027
4902,1357374996
4903,6040586823
4904,8423773851
4905,3388305441
4906,4103720663
4907,8745993704
4908,1488555399
4909,8283275014
4910,1068983313
4911,9875551614
4912,1652630860
4913,8893877385
4914,9319548964
4915,6817789362
4916,3325925098
4917,1266860683
4918,0005338294
4919,1561006410
4920,2753602000
4921,1747934199
4922,5364205951
4923,1873551231
4924,0424859799
4925,4818131808
4926,0049197101
4927,4887014737
4928,4866995025
4929,0117423770
4930,3645301993
4931,3990462402
4932,4696135005
4933,0718536789
4934,8922118592
4935,1796604308
4936,0802758734
4937,9446663677
4938,2791558946
4939,8155656968
4940,4338630616
4941,0111764291
4942,4405867748
4943,9230313748
4944,0267927122
4945,7529794911
4946,7022631566
4947,6523716794
4948,4657944926
4949,7780119430
4950,9356163158
4951,0590659955
4952,3939935947
4953,1261694622
4954,7081380774
4955,0583640119
4956,8796520616
4957,1056743522
4958,8207311455
4959,4470050564
4960,2508035134
4961,0051709906
4962,1334349724
4963,9681269462
4964,2834390031
4965,9034441190
4966,6732583746
4967,7309755274
4968,0936736467
4969,4282878488
4970,3061581646
4971,3363549609
4972,7740476317
4973,1017588449
4974,2486383785
4975,0336741399
4976,8221301649
4977,1128904153
4978,7198453976
4979,7287929282
4980,7716951459
4981,5437701959
4982,8016026917
4983,2997000316
4984,9973720580
4985,8743284389
4986,1843928189
4987,6487901343
4988,2591280131
4989,1878136360
4990,6481372665
4991,0126279955
4992,3522888075
4993,3423878999
4994,4447493893
4995,3421218695
4996,5737110628
4997,4766420477
4998,0133827860
4999,2600382296
5000,5080401002